Workbook

Sheet CONFIGURACIÓN
A1: Cat Comida ES | B1: Cat Comida EN | C1: Cat Bebida ES | D1: Cat Bebida EN | E1: Leyenda Alérgenos
A2: PARA COMPARTIR | B2: TO SHARE... | C2: AGUAS Y REFRESCOS | D2: WATER & SOFT DRINKS | E2: 1. Gluten
A3: ENTRANTES | B3: STARTERS | C3: CERVEZAS | D3: BEERS | E3: 2. Crustáceos
A4: PRINCIPALES | B4: MAIN COURSES | C4: VINOS BLANCOS | D4: WHITE WINES | E4: 3. Huevos
A5: POSTRES | B5: DESSERTS | C5: VINOS TINTOS | D5: RED WINES | E5: 4. Pescado
C6: CÓCTELES | D6: COCKTAILS | E6: 5. Cacahuetes
E7: 6. Soja
E8: 7. Lácteos
E9: 8. Frutos de cáscara
E10: 9. Apio
E11: 10. Mostaza
E12: 11. Sésamo
E13: 12. Sulfitos
E14: 13. Altramuces
E15: 14. Moluscos

Sheet COMIDA
A1: Categoría | B1: Categoría EN | C1: Nombre ES | D1: Descripción ES | E1: Descripción EN | F1: Precio | G1: Alérgenos | H1: Visible
B2: =IF(A2="","",VLOOKUP(A2,CONFIGURACIÓN!$A$2:$B$20,2,FALSE)) -> 0
B3: =IF(A3="","",VLOOKUP(A3,CONFIGURACIÓN!$A$2:$B$20,2,FALSE)) -> 0
B4: =IF(A4="","",VLOOKUP(A4,CONFIGURACIÓN!$A$2:$B$20,2,FALSE)) -> 0
B5: =IF(A5="","",VLOOKUP(A5,CONFIGURACIÓN!$A$2:$B$20,2,FALSE)) -> 0
B6: =IF(A6="","",VLOOKUP(A6,CONFIGURACIÓN!$A$2:$B$20,2,FALSE)) -> 0
B7: =IF(A7="","",VLOOKUP(A7,CONFIGURACIÓN!$A$2:$B$20,2,FALSE)) -> 0
B8: =IF(A8="","",VLOOKUP(A8,CONFIGURACIÓN!$A$2:$B$20,2,FALSE)) -> 0
B9: =IF(A9="","",VLOOKUP(A9,CONFIGURACIÓN!$A$2:$B$20,2,FALSE)) -> 0
B10: =IF(A10="","",VLOOKUP(A10,CONFIGURACIÓN!$A$2:$B$20,2,FALSE)) -> 0
B11: =IF(A11="","",VLOOKUP(A11,CONFIGURACIÓN!$A$2:$B$20,2,FALSE)) -> 0
B12: =IF(A12="","",VLOOKUP(A12,CONFIGURACIÓN!$A$2:$B$20,2,FALSE)) -> 0
B13: =IF(A13="","",VLOOKUP(A13,CONFIGURACIÓN!$A$2:$B$20,2,FALSE)) -> 0
... B501: =IF(A501="","",VLOOKUP(A501,CONFIGURACIÓN!$A$2:$B$20,2,FALSE)) -> 0

Sheet BEBIDAS
A1: Categoría | B1: Categoría EN | C1: Nombre ES | D1: Descripción ES | E1: Descripción EN | F1: Precio Copa | G1: Precio Botella | H1: Alérgenos | I1: Visible
B2: =IF(A2="","",VLOOKUP(A2,CONFIGURACIÓN!$C$2:$D$20,2,FALSE)) -> 0
B3: =IF(A3="","",VLOOKUP(A3,CONFIGURACIÓN!$C$2:$D$20,2,FALSE)) -> 0
B4: =IF(A4="","",VLOOKUP(A4,CONFIGURACIÓN!$C$2:$D$20,2,FALSE)) -> 0
B5: =IF(A5="","",VLOOKUP(A5,CONFIGURACIÓN!$C$2:$D$20,2,FALSE)) -> 0
B6: =IF(A6="","",VLOOKUP(A6,CONFIGURACIÓN!$C$2:$D$20,2,FALSE)) -> 0
B7: =IF(A7="","",VLOOKUP(A7,CONFIGURACIÓN!$C$2:$D$20,2,FALSE)) -> 0
B8: =IF(A8="","",VLOOKUP(A8,CONFIGURACIÓN!$C$2:$D$20,2,FALSE)) -> 0
B9: =IF(A9="","",VLOOKUP(A9,CONFIGURACIÓN!$C$2:$D$20,2,FALSE)) -> 0
B10: =IF(A10="","",VLOOKUP(A10,CONFIGURACIÓN!$C$2:$D$20,2,FALSE)) -> 0
B11: =IF(A11="","",VLOOKUP(A11,CONFIGURACIÓN!$C$2:$D$20,2,FALSE)) -> 0
B12: =IF(A12="","",VLOOKUP(A12,CONFIGURACIÓN!$C$2:$D$20,2,FALSE)) -> 0
B13: =IF(A13="","",VLOOKUP(A13,CONFIGURACIÓN!$C$2:$D$20,2,FALSE)) -> 0
... B501: =IF(A501="","",VLOOKUP(A501,CONFIGURACIÓN!$C$2:$D$20,2,FALSE)) -> 0
